Strategy,Sharpe Ratio,Max Drawdown (%),Final Return (%),Total # trades,Total # wins,Total # losses,Total # missed trades
Dynamic Agent,0.14879492560411633,-7.021413451061742,41.96160326949868,259,155,104,83
" Fixed Strategy: Entry=1, Stop=2",0.10192256838943348,-7.629824082245386,32.63612338738486,340,192,148,3
" Fixed Strategy: Entry=2, Stop=3",0.07489292813462722,-8.842432072254905,16.617659081401538,151,101,50,192
" Fixed Strategy: Entry=4, Stop=5",0.08872085136819803,-3.5748352264873136,1.7916653162518164,11,9,2,332
" Fixed Strategy: Entry=3, Stop=4",-0.19798887203767093,-15.877713384191747,-15.11329550330926,50,37,12,293
