Strategy,Sharpe Ratio,Max Drawdown (%),Final Return (%)
Dynamic Agent,0.11184274969965946,5.907810114125215,27.162807379073513
" Fixed Strategy: Entry=1, Stop=2",0.0484230305313559,8.30418889916131,15.51822513076249
" Fixed Strategy: Entry=2, Stop=3",0.04086393138753655,10.110478445842613,9.067240846559114
" Fixed Strategy: Entry=4, Stop=5",0.06148811545668715,3.6750962696183844,1.2413714408750167
" Fixed Strategy: Entry=3, Stop=4",-0.23074734657635892,18.08427624763175,-17.61347824625622
