Strategy,Sharpe Ratio,Max Drawdown (%),Final Return (%)
Dynamic Agent,0.157773589796315,4.954866736176996,38.31853043105705
" Fixed Strategy: Entry=1, Stop=2",0.10147945436452985,7.636870312966367,32.52217101123109
" Fixed Strategy: Entry=2, Stop=3",0.07489292813462722,8.842432072254905,16.617659081401538
" Fixed Strategy: Entry=4, Stop=5",0.08872085136819803,3.5748352264873136,1.7916653162518164
" Fixed Strategy: Entry=3, Stop=4",-0.19798887203767093,15.877713384191747,-15.11329550330926
