Strategy,Sharpe Ratio,Max Drawdown (%),Final Return (%),Total # trades,Total # wins,Total # losses,Total # missed trades
Dynamic Agent,0.10286666843537785,-7.515738166288022,29.00867957657571,259,155,104,83
" Fixed Strategy: Entry=1, Stop=2",0.048820447506000224,-8.29611665252184,15.632153331499342,340,192,148,3
" Fixed Strategy: Entry=2, Stop=3",0.04086393138753655,-10.110478445842613,9.067240846559114,151,101,50,192
" Fixed Strategy: Entry=4, Stop=5",0.06148811545668715,-3.6750962696183844,1.2413714408750167,11,9,2,332
" Fixed Strategy: Entry=3, Stop=4",-0.23074734657635892,-18.08427624763175,-17.61347824625622,50,37,12,293
