win_rate,loss_rate,forced_rate,none_rate
0.6590538336052202,0.11419249592169657,0.0,0.2267536704730832
