win_rate,loss_rate,forced_rate,none_rate
0.5742251223491027,0.12561174551386622,0.0,0.300163132137031
