win_rate,loss_rate,forced_rate,none_rate
0.566068515497553,0.13539967373572595,0.0,0.29853181076672103
