Strategy,Sharpe Ratio,Max Drawdown (%),Final Return (%)
" Fixed Strategy: Entry=3, Stop=4",0.12253296767387836,1.5150352237471443,2.205439502661213
" Fixed Strategy: Entry=4, Stop=5",-0.03415547262105148,0.20017521596981536,-0.11113769342277433
" Fixed Strategy: Entry=2, Stop=3",-0.018561259833228417,5.916924637582547,-0.8784883032541553
Dynamic Agent,-0.13896810146112493,9.222214516622323,-8.258596128109167
" Fixed Strategy: Entry=1, Stop=2",-0.17716889424100993,13.565615991131752,-13.708968767192827
