Strategy,Sharpe Ratio,Max Drawdown (%),Final Return (%)
Dynamic Agent,0.1413196040587994,2.349646317925008,8.091222746538048
" Fixed Strategy: Entry=2, Stop=3",0.13873452535599887,4.139099405981083,6.567326245546775
" Fixed Strategy: Entry=3, Stop=4",0.26391779325762904,1.0593297269968143,4.752517446850754
" Fixed Strategy: Entry=1, Stop=2",0.041241840866495086,3.842659425056319,3.190372429367433
" Fixed Strategy: Entry=4, Stop=5",0.08902811843665209,0.14976480327235167,0.2897754513975997
