Strategy,Sharpe Ratio,Max Drawdown (%),Final Return (%),Total # trades,Total # wins,Total # losses,Total # missed trades
Dynamic Agent,0.13999849877014164,-2.1018684122926734,8.17667287909482,249,150,99,88
" Fixed Strategy: Entry=2, Stop=3",0.13873452535599887,-4.139099405981083,6.567326245546775,149,100,49,189
" Fixed Strategy: Entry=3, Stop=4",0.26391779325762904,-1.0593297269968143,4.752517446850754,51,45,6,287
" Fixed Strategy: Entry=1, Stop=2",0.041361770572535234,-3.8423140516338035,3.1994510897409305,338,184,153,0
" Fixed Strategy: Entry=4, Stop=5",0.08902811843665209,-0.14976480327235167,0.2897754513975997,8,7,1,330
