win_rate,loss_rate,forced_rate,none_rate
0.6815384615384615,0.09538461538461539,0.0,0.2230769230769231
