win_rate,loss_rate,forced_rate,none_rate
0.6553846153846153,0.09230769230769231,0.0,0.2523076923076923
