win_rate,loss_rate,forced_rate,none_rate
0.5283757338551859,0.13894324853228962,0.0,0.33268101761252444
