Strategy,Sharpe Ratio,Max Drawdown (%),Final Return (%),Total # trades,Total # wins,Total # losses,Total # missed trades
" Fixed Strategy: Entry=2, Stop=3",0.09065767627062353,-8.136225526893558,18.638284150443088,157,100,57,253
Dynamic Agent,0.06685483639779262,-10.90718037906563,18.007941136466695,268,176,92,141
" Fixed Strategy: Entry=4, Stop=5",0.34515563668564136,-2.194708636661153,5.508512211518815,16,12,4,394
" Fixed Strategy: Entry=3, Stop=4",0.004138193708326295,-14.59536990173674,0.3838216593453241,56,45,10,354
" Fixed Strategy: Entry=1, Stop=2",-0.041904754033383576,-21.403715387372873,-15.69667760383143,403,250,153,7
