Strategy,Sharpe Ratio,Max Drawdown (%),Final Return (%)
" Fixed Strategy: Entry=2, Stop=3",0.09065767627062353,8.136225526893558,18.638284150443088
Dynamic Agent,0.06685483639779262,10.90718037906563,18.007941136466695
" Fixed Strategy: Entry=4, Stop=5",0.34515563668564136,2.194708636661153,5.508512211518815
" Fixed Strategy: Entry=3, Stop=4",0.004138193708326295,14.59536990173674,0.3838216593453241
" Fixed Strategy: Entry=1, Stop=2",-0.041904754033383576,21.403715387372873,-15.69667760383143
