Strategy,Sharpe Ratio,Max Drawdown (%),Final Return (%),Total # trades,Total # wins,Total # losses,Total # missed trades
Dynamic Agent,0.11660129221417467,-7.271244470498423,31.406129851657372,268,176,92,141
" Fixed Strategy: Entry=2, Stop=3",0.12883666259429888,-5.239504030292209,26.486464940875802,157,100,57,253
" Fixed Strategy: Entry=4, Stop=5",0.3952588098277884,-2.044136642774641,6.3067927484645265,16,12,4,394
" Fixed Strategy: Entry=1, Stop=2",0.011876671152467861,-10.996926966380745,4.4490253272369555,403,250,153,7
" Fixed Strategy: Entry=3, Stop=4",0.0343343838470651,-13.888617755520983,3.184922603982839,56,45,10,354
