win_rate,loss_rate,forced_rate,none_rate
0.7363945578231292,0.09523809523809523,0.0,0.1683673469387755
