win_rate,loss_rate,forced_rate,none_rate
0.47547169811320755,0.1792452830188679,0.0018867924528301887,0.3433962264150943
